cogOTU_0,9
cogOTU_1,224
cogOTU_2,5
cogOTU_3,10
cogOTU_4,2
cogOTU_5,11
cogOTU_6,30
cogOTU_7,11
cogOTU_8,2
cogOTU_9,11
cogOTU_10,4
cogOTU_11,279
cogOTU_12,60
cogOTU_13,2
cogOTU_14,2
cogOTU_15,14
cogOTU_16,7
cogOTU_17,33
cogOTU_18,13
cogOTU_19,11
cogOTU_20,15
cogOTU_21,7
cogOTU_22,3
cogOTU_23,18
cogOTU_24,156
cogOTU_25,3
cogOTU_26,8
cogOTU_27,81
cogOTU_28,436
cogOTU_29,2
cogOTU_30,4
cogOTU_31,84
cogOTU_32,3
cogOTU_33,9
cogOTU_34,9
cogOTU_35,15
cogOTU_36,3
cogOTU_37,3
cogOTU_38,3
cogOTU_39,3
cogOTU_40,3
cogOTU_41,251
cogOTU_42,6
cogOTU_43,4
cogOTU_44,3
cogOTU_45,5
cogOTU_46,15
cogOTU_47,4
cogOTU_48,27
cogOTU_49,2
cogOTU_50,9
cogOTU_51,39
cogOTU_52,7
cogOTU_53,68
cogOTU_54,20
cogOTU_55,5
cogOTU_56,3
cogOTU_57,4
cogOTU_58,8
cogOTU_59,9
cogOTU_60,4
cogOTU_61,5
cogOTU_62,7
cogOTU_63,2
cogOTU_64,4
cogOTU_65,7
cogOTU_66,11
cogOTU_67,38
cogOTU_68,2
cogOTU_69,3
cogOTU_70,2
cogOTU_71,8
cogOTU_72,2
cogOTU_73,15
cogOTU_74,37
cogOTU_75,3
cogOTU_76,7
cogOTU_77,4
cogOTU_78,30
cogOTU_79,45
cogOTU_80,7
cogOTU_81,6
cogOTU_82,8
cogOTU_83,10
cogOTU_84,15
cogOTU_85,19
cogOTU_86,12
cogOTU_87,252
cogOTU_88,2
cogOTU_89,11
cogOTU_90,11
cogOTU_91,2
cogOTU_92,29
cogOTU_93,11
cogOTU_94,179
cogOTU_95,6
cogOTU_96,6
cogOTU_97,3
cogOTU_98,14
cogOTU_99,3
cogOTU_100,26
cogOTU_101,2
cogOTU_102,17
cogOTU_103,15
cogOTU_104,2
cogOTU_105,5
cogOTU_106,12
cogOTU_107,5
cogOTU_108,3
cogOTU_109,5
cogOTU_110,8
cogOTU_111,2
cogOTU_112,6
cogOTU_113,13
cogOTU_114,3
cogOTU_115,12
cogOTU_116,7
cogOTU_117,4
cogOTU_118,153
cogOTU_119,9
cogOTU_120,4
cogOTU_121,6
cogOTU_122,4
cogOTU_123,2
cogOTU_124,21
cogOTU_125,18
cogOTU_126,8
cogOTU_127,23
cogOTU_128,7
cogOTU_129,257
cogOTU_130,56
cogOTU_131,5
cogOTU_132,19
cogOTU_133,2
cogOTU_134,7
cogOTU_135,24
cogOTU_136,7
cogOTU_137,2
cogOTU_138,5
cogOTU_139,17
cogOTU_140,2
cogOTU_141,26
cogOTU_142,4
cogOTU_143,7
cogOTU_144,12
cogOTU_145,7
cogOTU_146,20
cogOTU_147,7
cogOTU_148,7
cogOTU_149,3
cogOTU_150,33
cogOTU_151,3
cogOTU_152,2
cogOTU_153,28
cogOTU_154,3
cogOTU_155,9
cogOTU_156,18
cogOTU_157,11
cogOTU_158,11
cogOTU_159,6
cogOTU_160,4
cogOTU_161,16
cogOTU_162,15
cogOTU_163,2
cogOTU_164,3
cogOTU_165,10
cogOTU_166,4
cogOTU_167,5
cogOTU_168,2
cogOTU_169,8
cogOTU_170,25
cogOTU_171,12
cogOTU_172,2
cogOTU_173,5
cogOTU_174,10
cogOTU_175,8
cogOTU_176,125
cogOTU_177,10
cogOTU_178,7
cogOTU_179,8
cogOTU_180,6
cogOTU_181,5
cogOTU_182,7
cogOTU_183,6
cogOTU_184,8
cogOTU_185,7
cogOTU_186,24
cogOTU_187,11
cogOTU_188,7
cogOTU_189,8
cogOTU_190,5
cogOTU_191,2
cogOTU_192,11
cogOTU_193,2
cogOTU_194,4
cogOTU_195,19
cogOTU_196,44
cogOTU_197,9
cogOTU_198,10
cogOTU_199,59
cogOTU_200,118
cogOTU_201,47
cogOTU_202,25
cogOTU_203,8
cogOTU_204,63
cogOTU_205,16
cogOTU_206,10
cogOTU_207,5
cogOTU_208,5
cogOTU_209,2
cogOTU_210,4
cogOTU_211,8
cogOTU_212,6
cogOTU_213,26
cogOTU_214,4
cogOTU_215,5
cogOTU_216,3
cogOTU_217,17
cogOTU_218,5
cogOTU_219,2
cogOTU_220,5
cogOTU_221,11
cogOTU_222,197
cogOTU_223,5
cogOTU_224,6
cogOTU_225,250
cogOTU_226,3
cogOTU_227,3
cogOTU_228,3
cogOTU_229,6
cogOTU_230,4
cogOTU_231,4
cogOTU_232,19
cogOTU_233,21
cogOTU_234,28
cogOTU_235,8
cogOTU_236,2
cogOTU_237,2
cogOTU_238,6
cogOTU_239,28
cogOTU_240,3
cogOTU_241,3
cogOTU_242,158
cogOTU_243,2
cogOTU_244,2
cogOTU_245,9
cogOTU_246,24
cogOTU_247,4
cogOTU_248,4
cogOTU_249,5
cogOTU_250,7
cogOTU_251,2
cogOTU_252,2
cogOTU_253,6
cogOTU_254,7
cogOTU_255,19
cogOTU_256,12
cogOTU_257,2
cogOTU_258,3
cogOTU_259,135
cogOTU_260,6
cogOTU_261,11
cogOTU_262,11
cogOTU_263,5
cogOTU_264,7
cogOTU_265,3
cogOTU_266,4
cogOTU_267,4
cogOTU_268,10
cogOTU_269,6
cogOTU_270,13
cogOTU_271,2
cogOTU_272,10
cogOTU_273,11
cogOTU_274,7
cogOTU_275,22
cogOTU_276,2
cogOTU_277,4
cogOTU_278,6
cogOTU_279,18
cogOTU_280,26
cogOTU_281,7
cogOTU_282,9
cogOTU_283,10
cogOTU_284,7
cogOTU_285,32
cogOTU_286,4
cogOTU_287,5
cogOTU_288,20
cogOTU_289,77
cogOTU_290,2
cogOTU_291,5
cogOTU_292,33
cogOTU_293,3
cogOTU_294,14
cogOTU_295,4
cogOTU_296,7
cogOTU_297,7
cogOTU_298,30
cogOTU_299,21
cogOTU_300,4
cogOTU_301,2
cogOTU_302,2
cogOTU_303,11
cogOTU_304,16
cogOTU_305,2
cogOTU_306,11
cogOTU_307,29
cogOTU_308,3
cogOTU_309,5
cogOTU_310,6
cogOTU_311,2
cogOTU_312,9
cogOTU_313,23
cogOTU_314,3
cogOTU_315,2
cogOTU_316,11
cogOTU_317,18
cogOTU_318,36
cogOTU_319,9
cogOTU_320,4
cogOTU_321,9
cogOTU_322,3
cogOTU_323,76
cogOTU_324,6
cogOTU_325,23
cogOTU_326,3
cogOTU_327,4
cogOTU_328,4
cogOTU_329,4
cogOTU_330,5
cogOTU_331,38
cogOTU_332,14
cogOTU_333,2
cogOTU_334,5
cogOTU_335,10
cogOTU_336,2
cogOTU_337,7
cogOTU_338,4
cogOTU_339,20
cogOTU_340,8
cogOTU_341,2
cogOTU_342,4
cogOTU_343,4
cogOTU_344,8
cogOTU_345,4
cogOTU_346,8
cogOTU_347,3
cogOTU_348,8
cogOTU_349,8
cogOTU_350,110
cogOTU_351,3
cogOTU_352,2
cogOTU_353,7
cogOTU_354,14
cogOTU_355,22
cogOTU_356,8
cogOTU_357,4
cogOTU_358,2
cogOTU_359,2
cogOTU_360,10
cogOTU_361,20
cogOTU_362,7
cogOTU_363,6
cogOTU_364,7
cogOTU_365,12
cogOTU_366,9
cogOTU_367,8
cogOTU_368,10
cogOTU_369,18
cogOTU_370,13
cogOTU_371,4
cogOTU_372,4
cogOTU_373,4
cogOTU_374,6
cogOTU_375,6
cogOTU_376,16
cogOTU_377,5
cogOTU_378,2
cogOTU_379,2
cogOTU_380,2
cogOTU_381,5
cogOTU_382,9
cogOTU_383,5
cogOTU_384,4
cogOTU_385,7
cogOTU_386,2
cogOTU_387,9
cogOTU_388,7
cogOTU_389,3
cogOTU_390,10
cogOTU_391,3
cogOTU_392,15
cogOTU_393,2
cogOTU_394,8
cogOTU_395,5
cogOTU_396,4
cogOTU_397,4
cogOTU_398,5
cogOTU_399,13
cogOTU_400,9
cogOTU_401,3
cogOTU_402,3
cogOTU_403,4
cogOTU_404,59
cogOTU_405,8
cogOTU_406,6
cogOTU_407,19
cogOTU_408,5
cogOTU_409,6
cogOTU_410,4
cogOTU_411,2
cogOTU_412,4
cogOTU_413,9
cogOTU_414,7
cogOTU_415,27
cogOTU_416,10
cogOTU_417,6
cogOTU_418,7
cogOTU_419,7
cogOTU_420,4
cogOTU_421,7
cogOTU_422,2
cogOTU_423,3
cogOTU_424,4
cogOTU_425,2
cogOTU_426,5
cogOTU_427,2
cogOTU_428,2
cogOTU_429,14
cogOTU_430,22
cogOTU_431,19
cogOTU_432,2
cogOTU_433,6
cogOTU_434,15
cogOTU_435,12
cogOTU_436,3
cogOTU_437,5
cogOTU_438,2
cogOTU_439,12
cogOTU_440,3
cogOTU_441,48
cogOTU_442,2
cogOTU_443,2
cogOTU_444,7
cogOTU_445,5
cogOTU_446,3
cogOTU_447,6
cogOTU_448,2
cogOTU_449,9
cogOTU_450,7
cogOTU_451,2
cogOTU_452,2
cogOTU_453,7
cogOTU_454,4
cogOTU_455,13
cogOTU_456,2
cogOTU_457,13
cogOTU_458,2
cogOTU_459,3
cogOTU_460,12
cogOTU_461,12
cogOTU_462,3
cogOTU_463,517
cogOTU_464,68
cogOTU_465,3
cogOTU_466,3
cogOTU_467,2
cogOTU_468,176
cogOTU_469,5
cogOTU_470,12
cogOTU_471,2
cogOTU_472,4
cogOTU_473,13
cogOTU_474,13
cogOTU_475,24
cogOTU_476,8
cogOTU_477,29
cogOTU_478,5
cogOTU_479,9
cogOTU_480,7
cogOTU_481,9
cogOTU_482,7
cogOTU_483,10
cogOTU_484,13
cogOTU_485,4
cogOTU_486,2
cogOTU_487,15
cogOTU_488,4
cogOTU_489,23
cogOTU_490,2
cogOTU_491,3
cogOTU_492,6
cogOTU_493,9
cogOTU_494,9
cogOTU_495,6
cogOTU_496,8
cogOTU_497,4
cogOTU_498,2
cogOTU_499,13
cogOTU_500,2
cogOTU_501,4
cogOTU_502,14
cogOTU_503,3
cogOTU_504,18
cogOTU_505,2
cogOTU_506,3
cogOTU_507,2
cogOTU_508,7
cogOTU_509,2
cogOTU_510,13
cogOTU_511,5
cogOTU_512,5
cogOTU_513,3
cogOTU_514,5
cogOTU_515,360
cogOTU_516,6
cogOTU_517,14
cogOTU_518,11
cogOTU_519,4
cogOTU_520,18
cogOTU_521,2
cogOTU_522,2
cogOTU_523,14
cogOTU_524,9
cogOTU_525,14
cogOTU_526,8
cogOTU_527,2
cogOTU_528,5
cogOTU_529,5
cogOTU_530,10
cogOTU_531,10
cogOTU_532,9
cogOTU_533,2
cogOTU_534,3
cogOTU_535,2
cogOTU_536,3
cogOTU_537,2
cogOTU_538,6
cogOTU_539,10
cogOTU_540,2
cogOTU_541,65
cogOTU_542,7
cogOTU_543,2
cogOTU_544,2
cogOTU_545,16
cogOTU_546,6
cogOTU_547,2
cogOTU_548,9
cogOTU_549,209
cogOTU_550,4
cogOTU_551,2
cogOTU_552,6
cogOTU_553,9
cogOTU_554,22
cogOTU_555,2
cogOTU_556,4
cogOTU_557,5
cogOTU_558,7
cogOTU_559,8
cogOTU_560,7
cogOTU_561,3
cogOTU_562,9
cogOTU_563,97
cogOTU_564,3
cogOTU_565,3
cogOTU_566,14
cogOTU_567,2
cogOTU_568,5
cogOTU_569,13
cogOTU_570,6
cogOTU_571,24
cogOTU_572,18
cogOTU_573,8
cogOTU_574,7
cogOTU_575,2
cogOTU_576,10
cogOTU_577,4
cogOTU_578,7
cogOTU_579,4
cogOTU_580,248
cogOTU_581,2
cogOTU_582,16
cogOTU_583,2
cogOTU_584,11
cogOTU_585,4
cogOTU_586,2
cogOTU_587,8
cogOTU_588,4
cogOTU_589,4
cogOTU_590,8
cogOTU_591,8
cogOTU_592,8
cogOTU_593,3
cogOTU_594,6
cogOTU_595,5
cogOTU_596,12
cogOTU_597,41
cogOTU_598,2
cogOTU_599,3
cogOTU_600,8
cogOTU_601,9
cogOTU_602,24
cogOTU_603,11
cogOTU_604,5
cogOTU_605,4
cogOTU_606,44
cogOTU_607,26
cogOTU_608,4
cogOTU_609,147
cogOTU_610,3
cogOTU_611,29
cogOTU_612,13
cogOTU_613,4
cogOTU_614,352
cogOTU_615,2
cogOTU_616,7
cogOTU_617,13
cogOTU_618,6
cogOTU_619,14
cogOTU_620,7
cogOTU_621,3
cogOTU_622,7
cogOTU_623,3
cogOTU_624,11
cogOTU_625,3
cogOTU_626,14
cogOTU_627,2
cogOTU_628,25
cogOTU_629,6
cogOTU_630,2
cogOTU_631,6
cogOTU_632,5
cogOTU_633,4
cogOTU_634,14
cogOTU_635,3
cogOTU_636,4
cogOTU_637,2
cogOTU_638,7
cogOTU_639,9
cogOTU_640,35
cogOTU_641,2
cogOTU_642,2
cogOTU_643,2
cogOTU_644,11
cogOTU_645,10
cogOTU_646,5
cogOTU_647,2
cogOTU_648,4
cogOTU_649,6
cogOTU_650,15
cogOTU_651,6
cogOTU_652,5
cogOTU_653,7
cogOTU_654,20
cogOTU_655,10
cogOTU_656,11
cogOTU_657,5
cogOTU_658,6
cogOTU_659,9
cogOTU_660,4
cogOTU_661,8
cogOTU_662,2
cogOTU_663,7
cogOTU_664,10
cogOTU_665,31
cogOTU_666,3
cogOTU_667,6
cogOTU_668,5
cogOTU_669,16
cogOTU_670,16
cogOTU_671,23
cogOTU_672,3
cogOTU_673,15
cogOTU_674,32
cogOTU_675,6
cogOTU_676,9
cogOTU_677,5
cogOTU_678,21
cogOTU_679,6
cogOTU_680,9
cogOTU_681,5
cogOTU_682,3
cogOTU_683,8
cogOTU_684,35
cogOTU_685,8
cogOTU_686,7
cogOTU_687,7
cogOTU_688,23
cogOTU_689,17
cogOTU_690,135
cogOTU_691,4
cogOTU_692,2
cogOTU_693,12
cogOTU_694,2
cogOTU_695,3
cogOTU_696,6
cogOTU_697,3
cogOTU_698,14
cogOTU_699,2
cogOTU_700,10
cogOTU_701,23
cogOTU_702,9
cogOTU_703,6
cogOTU_704,2
cogOTU_705,2
cogOTU_706,5
cogOTU_707,4
cogOTU_708,3
cogOTU_709,306
cogOTU_710,16
cogOTU_711,2
cogOTU_712,6
cogOTU_713,10
cogOTU_714,2
cogOTU_715,14
cogOTU_716,18
cogOTU_717,3
cogOTU_718,3
cogOTU_719,3
cogOTU_720,4
cogOTU_721,9
cogOTU_722,2
cogOTU_723,12
cogOTU_724,39
cogOTU_725,2
cogOTU_726,4
cogOTU_727,4
cogOTU_728,3
cogOTU_729,7
cogOTU_730,5
cogOTU_731,11
cogOTU_732,6
cogOTU_733,11
cogOTU_734,7
cogOTU_735,11
cogOTU_736,2
cogOTU_737,2
cogOTU_738,8
cogOTU_739,7
cogOTU_740,27
cogOTU_741,6
cogOTU_742,12
cogOTU_743,15
cogOTU_744,4
cogOTU_745,2
cogOTU_746,35
cogOTU_747,5
cogOTU_748,2
cogOTU_749,7
cogOTU_750,3
cogOTU_751,8
cogOTU_752,34
cogOTU_753,5
cogOTU_754,24
cogOTU_755,5
cogOTU_756,9
cogOTU_757,10
cogOTU_758,2
cogOTU_759,2
cogOTU_760,4
cogOTU_761,7
cogOTU_762,23
cogOTU_763,17
cogOTU_764,9
cogOTU_765,18
cogOTU_766,212
cogOTU_767,5
cogOTU_768,7
cogOTU_769,8
cogOTU_770,8
cogOTU_771,2
cogOTU_772,2
cogOTU_773,8
cogOTU_774,3
cogOTU_775,38
cogOTU_776,5
cogOTU_777,4
cogOTU_778,5
cogOTU_779,12
cogOTU_780,10
cogOTU_781,6
cogOTU_782,2
cogOTU_783,5
cogOTU_784,4
cogOTU_785,4
cogOTU_786,5
cogOTU_787,3
cogOTU_788,3
cogOTU_789,3
cogOTU_790,7
cogOTU_791,3
cogOTU_792,10
cogOTU_793,37
cogOTU_794,26
cogOTU_795,15
cogOTU_796,9
cogOTU_797,7
cogOTU_798,2
cogOTU_799,10
cogOTU_800,2
cogOTU_801,17
cogOTU_802,5
cogOTU_803,5
cogOTU_804,3
cogOTU_805,4
cogOTU_806,2
cogOTU_807,10
cogOTU_808,3
cogOTU_809,22
cogOTU_810,4
cogOTU_811,4
cogOTU_812,4
cogOTU_813,8
cogOTU_814,10
cogOTU_815,11
cogOTU_816,4
cogOTU_817,2
cogOTU_818,4
cogOTU_819,3
cogOTU_820,2
cogOTU_821,11
cogOTU_822,10
cogOTU_823,3
cogOTU_824,13
cogOTU_825,4
cogOTU_826,2
cogOTU_827,8
cogOTU_828,15
cogOTU_829,9
cogOTU_830,9
cogOTU_831,5
cogOTU_832,3
cogOTU_833,5
cogOTU_834,2
cogOTU_835,11
cogOTU_836,2
cogOTU_837,7
cogOTU_838,3
cogOTU_839,6
cogOTU_840,15
cogOTU_841,2
cogOTU_842,6
cogOTU_843,4
cogOTU_844,3
cogOTU_845,7
cogOTU_846,3
cogOTU_847,12
cogOTU_848,8
cogOTU_849,2
cogOTU_850,5
cogOTU_851,5
cogOTU_852,9
cogOTU_853,6
cogOTU_854,2
cogOTU_855,6
cogOTU_856,107
cogOTU_857,11
cogOTU_858,11
cogOTU_859,4
cogOTU_860,3
cogOTU_861,3
cogOTU_862,8
cogOTU_863,43
cogOTU_864,7
cogOTU_865,11
cogOTU_866,9
cogOTU_867,16
cogOTU_868,7
cogOTU_869,8
cogOTU_870,18
cogOTU_871,2
cogOTU_872,2
cogOTU_873,5
cogOTU_874,5
cogOTU_875,6
cogOTU_876,7
cogOTU_877,11
cogOTU_878,2
cogOTU_879,21
cogOTU_880,2
cogOTU_881,18
cogOTU_882,2
cogOTU_883,6
cogOTU_884,11
cogOTU_885,3
cogOTU_886,12
cogOTU_887,2
cogOTU_888,3
cogOTU_889,3
cogOTU_890,12
cogOTU_891,3
cogOTU_892,3
cogOTU_893,14
cogOTU_894,3
cogOTU_895,4
cogOTU_896,157
cogOTU_897,18
cogOTU_898,3
cogOTU_899,5
cogOTU_900,3
cogOTU_901,12
cogOTU_902,6
cogOTU_903,2
cogOTU_904,26
cogOTU_905,2
cogOTU_906,8
cogOTU_907,5
cogOTU_908,2
cogOTU_909,12
cogOTU_910,4
cogOTU_911,4
cogOTU_912,2
cogOTU_913,26
cogOTU_914,2
cogOTU_915,6
cogOTU_916,10
cogOTU_917,6
cogOTU_918,11
cogOTU_919,2
cogOTU_920,7
cogOTU_921,86
cogOTU_922,11
cogOTU_923,6
cogOTU_924,3
cogOTU_925,8
cogOTU_926,15
cogOTU_927,12
cogOTU_928,2
cogOTU_929,3
cogOTU_930,3
cogOTU_931,7
cogOTU_932,18
cogOTU_933,5
cogOTU_934,5
cogOTU_935,17
cogOTU_936,13
cogOTU_937,14
cogOTU_938,11
cogOTU_939,4
cogOTU_940,7
cogOTU_941,3
cogOTU_942,9
cogOTU_943,3
cogOTU_944,7
cogOTU_945,8
cogOTU_946,4
cogOTU_947,2
cogOTU_948,35
cogOTU_949,7
cogOTU_950,3
cogOTU_951,2
cogOTU_952,3
cogOTU_953,17
cogOTU_954,3
cogOTU_955,5
cogOTU_956,3
cogOTU_957,12
cogOTU_958,2
cogOTU_959,2
cogOTU_960,3
cogOTU_961,7
cogOTU_962,7
cogOTU_963,18
cogOTU_964,3
cogOTU_965,17
cogOTU_966,18
cogOTU_967,11
cogOTU_968,10
cogOTU_969,4
cogOTU_970,4
cogOTU_971,9
cogOTU_972,2
cogOTU_973,68
cogOTU_974,6
cogOTU_975,6
cogOTU_976,3
cogOTU_977,5
cogOTU_978,4
cogOTU_979,6
cogOTU_980,15
cogOTU_981,40
cogOTU_982,4
cogOTU_983,11
cogOTU_984,5
cogOTU_985,5
cogOTU_986,4
cogOTU_987,10
cogOTU_988,2
cogOTU_989,6
cogOTU_990,4
cogOTU_991,184
cogOTU_992,12
cogOTU_993,13
cogOTU_994,5
cogOTU_995,4
cogOTU_996,2
cogOTU_997,2
cogOTU_998,20
cogOTU_999,6
cogOTU_1000,3
cogOTU_1001,4
cogOTU_1002,5
cogOTU_1003,6
cogOTU_1004,14
cogOTU_1005,8
cogOTU_1006,3
cogOTU_1007,2
cogOTU_1008,7
cogOTU_1009,2
cogOTU_1010,12
cogOTU_1011,8
cogOTU_1012,3
cogOTU_1013,8
cogOTU_1014,4
cogOTU_1015,2
cogOTU_1016,2
cogOTU_1017,13
cogOTU_1018,5
cogOTU_1019,4
cogOTU_1020,5
cogOTU_1021,13
cogOTU_1022,7
cogOTU_1023,9
cogOTU_1024,2
cogOTU_1025,4
cogOTU_1026,3
cogOTU_1027,8
cogOTU_1028,11
cogOTU_1029,3
cogOTU_1030,2
cogOTU_1031,12
cogOTU_1032,2
cogOTU_1033,6
cogOTU_1034,4
cogOTU_1035,3
cogOTU_1036,34
cogOTU_1037,20
cogOTU_1038,6
cogOTU_1039,11
cogOTU_1040,6
cogOTU_1041,2
cogOTU_1042,5
cogOTU_1043,3
cogOTU_1044,48
cogOTU_1045,10
cogOTU_1046,7
cogOTU_1047,2
cogOTU_1048,9
cogOTU_1049,76
cogOTU_1050,4
cogOTU_1051,7
cogOTU_1052,14
cogOTU_1053,2
cogOTU_1054,24
cogOTU_1055,8
cogOTU_1056,15
cogOTU_1057,61
cogOTU_1058,8
cogOTU_1059,2
cogOTU_1060,24
cogOTU_1061,2
cogOTU_1062,27
cogOTU_1063,2
cogOTU_1064,14
cogOTU_1065,2
cogOTU_1066,3
cogOTU_1067,7
cogOTU_1068,28
cogOTU_1069,3
cogOTU_1070,3
cogOTU_1071,2
cogOTU_1072,2
cogOTU_1073,4
cogOTU_1074,15
cogOTU_1075,7
cogOTU_1076,4
cogOTU_1077,546
cogOTU_1078,2
cogOTU_1079,6
cogOTU_1080,5
cogOTU_1081,4
cogOTU_1082,21
cogOTU_1083,2
cogOTU_1084,8
cogOTU_1085,2
cogOTU_1086,2
cogOTU_1087,64
cogOTU_1088,5
cogOTU_1089,2
cogOTU_1090,2
cogOTU_1091,13
cogOTU_1092,2
cogOTU_1093,11
cogOTU_1094,2
cogOTU_1095,8
cogOTU_1096,7
cogOTU_1097,4
cogOTU_1098,4
cogOTU_1099,2
cogOTU_1100,6
cogOTU_1101,2
cogOTU_1102,5
cogOTU_1103,5
cogOTU_1104,9
cogOTU_1105,4
cogOTU_1106,5
cogOTU_1107,10
cogOTU_1108,3
cogOTU_1109,2
cogOTU_1110,5
cogOTU_1111,3
cogOTU_1112,9
cogOTU_1113,3
cogOTU_1114,3
cogOTU_1115,3
cogOTU_1116,29
cogOTU_1117,4
cogOTU_1118,13
cogOTU_1119,3
cogOTU_1120,7
cogOTU_1121,3
cogOTU_1122,2
cogOTU_1123,10
cogOTU_1124,12
cogOTU_1125,3
cogOTU_1126,2
cogOTU_1127,4
cogOTU_1128,4
cogOTU_1129,10
cogOTU_1130,3
cogOTU_1131,10
cogOTU_1132,2
cogOTU_1133,3
cogOTU_1134,9
cogOTU_1135,6
cogOTU_1136,3
cogOTU_1137,15
cogOTU_1138,6
cogOTU_1139,10
cogOTU_1140,8
cogOTU_1141,12
cogOTU_1142,3
cogOTU_1143,5
cogOTU_1144,7
cogOTU_1145,22
cogOTU_1146,10
cogOTU_1147,6
cogOTU_1148,12
cogOTU_1149,8
cogOTU_1150,14
cogOTU_1151,6
cogOTU_1152,7
cogOTU_1153,6
cogOTU_1154,17
cogOTU_1155,6
cogOTU_1156,4
cogOTU_1157,8
cogOTU_1158,3
cogOTU_1159,9
cogOTU_1160,2
cogOTU_1161,8
cogOTU_1162,4
cogOTU_1163,3
cogOTU_1164,12
cogOTU_1165,79
cogOTU_1166,4
cogOTU_1167,6
cogOTU_1168,4
cogOTU_1169,29
cogOTU_1170,5
cogOTU_1171,5
cogOTU_1172,3
cogOTU_1173,5
cogOTU_1174,4
cogOTU_1175,11
cogOTU_1176,10
cogOTU_1177,2
cogOTU_1178,4
cogOTU_1179,5
cogOTU_1180,2
cogOTU_1181,6
cogOTU_1182,5
cogOTU_1183,3
cogOTU_1184,8
cogOTU_1185,2
cogOTU_1186,2
cogOTU_1187,12
cogOTU_1188,3
cogOTU_1189,2
cogOTU_1190,4
cogOTU_1191,4
cogOTU_1192,3
cogOTU_1193,14
cogOTU_1194,2
cogOTU_1195,21
cogOTU_1196,12
cogOTU_1197,8
cogOTU_1198,2
cogOTU_1199,3
cogOTU_1200,10
cogOTU_1201,2
cogOTU_1202,7
cogOTU_1203,3
cogOTU_1204,15
cogOTU_1205,7
cogOTU_1206,3
cogOTU_1207,15
cogOTU_1208,16
cogOTU_1209,2
cogOTU_1210,8
cogOTU_1211,8
cogOTU_1212,4
cogOTU_1213,2
cogOTU_1214,2
cogOTU_1215,2
cogOTU_1216,26
cogOTU_1217,6
cogOTU_1218,2
cogOTU_1219,2
cogOTU_1220,137
cogOTU_1221,21
cogOTU_1222,2
cogOTU_1223,5
cogOTU_1224,10
cogOTU_1225,18
cogOTU_1226,8
cogOTU_1227,3
cogOTU_1228,7
cogOTU_1229,13
cogOTU_1230,2
cogOTU_1231,12
cogOTU_1232,10
cogOTU_1233,124
cogOTU_1234,5
cogOTU_1235,4
cogOTU_1236,13
cogOTU_1237,10
cogOTU_1238,12
cogOTU_1239,6
cogOTU_1240,2
cogOTU_1241,2
cogOTU_1242,2
cogOTU_1243,2
cogOTU_1244,4
cogOTU_1245,6
cogOTU_1246,2
cogOTU_1247,3
cogOTU_1248,263
cogOTU_1249,7
cogOTU_1250,12
cogOTU_1251,2
cogOTU_1252,27
cogOTU_1253,6
cogOTU_1254,10
cogOTU_1255,8
cogOTU_1256,21
cogOTU_1257,3
cogOTU_1258,3
cogOTU_1259,4
cogOTU_1260,12
cogOTU_1261,12
cogOTU_1262,2
cogOTU_1263,3
cogOTU_1264,2
cogOTU_1265,15
cogOTU_1266,3
cogOTU_1267,8
cogOTU_1268,2
cogOTU_1269,5
cogOTU_1270,4
cogOTU_1271,5
cogOTU_1272,16
cogOTU_1273,11
cogOTU_1274,2
cogOTU_1275,8
cogOTU_1276,3
cogOTU_1277,2
cogOTU_1278,2
cogOTU_1279,13
cogOTU_1280,14
cogOTU_1281,5
cogOTU_1282,3
cogOTU_1283,2
cogOTU_1284,2
cogOTU_1285,22
cogOTU_1286,4
cogOTU_1287,10
cogOTU_1288,3
cogOTU_1289,10
cogOTU_1290,6
cogOTU_1291,11
cogOTU_1292,4
cogOTU_1293,6
cogOTU_1294,6
cogOTU_1295,2
cogOTU_1296,4
cogOTU_1297,2
cogOTU_1298,4
cogOTU_1299,5
cogOTU_1300,3
cogOTU_1301,130
cogOTU_1302,10
cogOTU_1303,8
cogOTU_1304,9
cogOTU_1305,4
cogOTU_1306,13
cogOTU_1307,2
cogOTU_1308,32
cogOTU_1309,4
cogOTU_1310,5
cogOTU_1311,3
cogOTU_1312,27
cogOTU_1313,2
cogOTU_1314,12
cogOTU_1315,5
cogOTU_1316,20
cogOTU_1317,14
cogOTU_1318,2
cogOTU_1319,2
cogOTU_1320,3
cogOTU_1321,3
cogOTU_1322,4
cogOTU_1323,12
cogOTU_1324,2
cogOTU_1325,2
cogOTU_1326,3
cogOTU_1327,5
cogOTU_1328,7
cogOTU_1329,3
cogOTU_1330,9
cogOTU_1331,2
cogOTU_1332,4
cogOTU_1333,16
cogOTU_1334,15
cogOTU_1335,3
cogOTU_1336,3
cogOTU_1337,2
cogOTU_1338,2
cogOTU_1339,3
cogOTU_1340,3
cogOTU_1341,6
cogOTU_1342,5
cogOTU_1343,10
cogOTU_1344,3
cogOTU_1345,11
cogOTU_1346,2
cogOTU_1347,3
cogOTU_1348,2
cogOTU_1349,6
cogOTU_1350,4
cogOTU_1351,8
cogOTU_1352,2
cogOTU_1353,8
cogOTU_1354,7
cogOTU_1355,9
cogOTU_1356,2
cogOTU_1357,15
cogOTU_1358,417
cogOTU_1359,4
cogOTU_1360,2
cogOTU_1361,7
cogOTU_1362,3
cogOTU_1363,2
cogOTU_1364,8
cogOTU_1365,3
cogOTU_1366,13
cogOTU_1367,5
cogOTU_1368,6
cogOTU_1369,4
cogOTU_1370,5
cogOTU_1371,7
cogOTU_1372,13
cogOTU_1373,2
cogOTU_1374,6
cogOTU_1375,7
cogOTU_1376,2
cogOTU_1377,4
cogOTU_1378,7
cogOTU_1379,4
cogOTU_1380,4
cogOTU_1381,3
cogOTU_1382,2
cogOTU_1383,6
cogOTU_1384,12
cogOTU_1385,4
cogOTU_1386,3
cogOTU_1387,3
cogOTU_1388,2
cogOTU_1389,2
cogOTU_1390,4
cogOTU_1391,6
cogOTU_1392,2
cogOTU_1393,11
cogOTU_1394,7
cogOTU_1395,11
cogOTU_1396,5
cogOTU_1397,7
cogOTU_1398,2
cogOTU_1399,5
cogOTU_1400,4
cogOTU_1401,7
cogOTU_1402,10
cogOTU_1403,3
cogOTU_1404,12
cogOTU_1405,2
cogOTU_1406,3
cogOTU_1407,7
cogOTU_1408,3
cogOTU_1409,4
cogOTU_1410,3
cogOTU_1411,3
cogOTU_1412,22
cogOTU_1413,2
cogOTU_1414,9
cogOTU_1415,2
cogOTU_1416,7
cogOTU_1417,2
cogOTU_1418,8
cogOTU_1419,2
cogOTU_1420,16
cogOTU_1421,8
cogOTU_1422,3
cogOTU_1423,8
cogOTU_1424,2
cogOTU_1425,7
cogOTU_1426,9
cogOTU_1427,2
cogOTU_1428,6
cogOTU_1429,4
cogOTU_1430,4
cogOTU_1431,3
cogOTU_1432,3
cogOTU_1433,12
cogOTU_1434,5
cogOTU_1435,2
cogOTU_1436,2
cogOTU_1437,3
cogOTU_1438,4
cogOTU_1439,18
cogOTU_1440,7
cogOTU_1441,3
cogOTU_1442,7
cogOTU_1443,7
cogOTU_1444,18
cogOTU_1445,3
cogOTU_1446,13
cogOTU_1447,11
cogOTU_1448,5
cogOTU_1449,5
cogOTU_1450,10
cogOTU_1451,2
cogOTU_1452,4
cogOTU_1453,8
cogOTU_1454,5
cogOTU_1455,3
cogOTU_1456,3
cogOTU_1457,3
cogOTU_1458,2
cogOTU_1459,5
cogOTU_1460,7
cogOTU_1461,5
cogOTU_1462,28
cogOTU_1463,2
cogOTU_1464,5
cogOTU_1465,6
cogOTU_1466,2
cogOTU_1467,5
cogOTU_1468,5
cogOTU_1469,8
cogOTU_1470,2
cogOTU_1471,4
cogOTU_1472,12
cogOTU_1473,12
cogOTU_1474,10
cogOTU_1475,3
cogOTU_1476,11
cogOTU_1477,14
cogOTU_1478,2
cogOTU_1479,2
cogOTU_1480,15
cogOTU_1481,6
cogOTU_1482,3
cogOTU_1483,2
cogOTU_1484,4
cogOTU_1485,3
cogOTU_1486,2
cogOTU_1487,5
cogOTU_1488,5
cogOTU_1489,7
cogOTU_1490,4
cogOTU_1491,3
cogOTU_1492,3
cogOTU_1493,5
cogOTU_1494,2
cogOTU_1495,2
cogOTU_1496,2
cogOTU_1497,16
cogOTU_1498,2
cogOTU_1499,5
cogOTU_1500,13
cogOTU_1501,3
cogOTU_1502,2
cogOTU_1503,2
cogOTU_1504,16
cogOTU_1505,2
cogOTU_1506,6
cogOTU_1507,6
cogOTU_1508,13
cogOTU_1509,10
cogOTU_1510,3
cogOTU_1511,4
cogOTU_1512,24
cogOTU_1513,3
cogOTU_1514,3
cogOTU_1515,2
cogOTU_1516,2
cogOTU_1517,2
cogOTU_1518,5
cogOTU_1519,4
cogOTU_1520,2
cogOTU_1521,33
cogOTU_1522,5
cogOTU_1523,12
cogOTU_1524,7
cogOTU_1525,4
cogOTU_1526,5
cogOTU_1527,3
cogOTU_1528,4
cogOTU_1529,2
cogOTU_1530,69
cogOTU_1531,6
cogOTU_1532,2
cogOTU_1533,12
cogOTU_1534,3
cogOTU_1535,2
cogOTU_1536,3
cogOTU_1537,10
cogOTU_1538,4
cogOTU_1539,6
cogOTU_1540,2
cogOTU_1541,8
cogOTU_1542,5
cogOTU_1543,2
cogOTU_1544,11
cogOTU_1545,5
cogOTU_1546,2
cogOTU_1547,2
cogOTU_1548,113
cogOTU_1549,13
cogOTU_1550,5
cogOTU_1551,19
cogOTU_1552,2
cogOTU_1553,11
cogOTU_1554,5
cogOTU_1555,7
cogOTU_1556,3
cogOTU_1557,2
cogOTU_1558,10
cogOTU_1559,13
cogOTU_1560,3
cogOTU_1561,20
cogOTU_1562,3
cogOTU_1563,3
cogOTU_1564,14
cogOTU_1565,5
cogOTU_1566,3
cogOTU_1567,6
cogOTU_1568,6
cogOTU_1569,2
cogOTU_1570,3
cogOTU_1571,3
cogOTU_1572,9
cogOTU_1573,4
cogOTU_1574,7
cogOTU_1575,8
cogOTU_1576,39
cogOTU_1577,8
cogOTU_1578,8
cogOTU_1579,2
cogOTU_1580,2
cogOTU_1581,12
cogOTU_1582,2
cogOTU_1583,4
cogOTU_1584,16
cogOTU_1585,4
cogOTU_1586,3
cogOTU_1587,3
cogOTU_1588,5
cogOTU_1589,5
cogOTU_1590,2
cogOTU_1591,33
cogOTU_1592,19
cogOTU_1593,4
cogOTU_1594,3
cogOTU_1595,2
cogOTU_1596,7
cogOTU_1597,7
cogOTU_1598,7
cogOTU_1599,2
cogOTU_1600,8
cogOTU_1601,2
cogOTU_1602,27
cogOTU_1603,4
cogOTU_1604,3
cogOTU_1605,8
cogOTU_1606,3
cogOTU_1607,2
cogOTU_1608,2
cogOTU_1609,2
cogOTU_1610,5
cogOTU_1611,22
cogOTU_1612,10
cogOTU_1613,3
cogOTU_1614,6
cogOTU_1615,15
cogOTU_1616,6
cogOTU_1617,10
cogOTU_1618,7
cogOTU_1619,6
cogOTU_1620,5
cogOTU_1621,6
cogOTU_1622,324
cogOTU_1623,6
cogOTU_1624,3
cogOTU_1625,8
cogOTU_1626,7
cogOTU_1627,7
cogOTU_1628,3
cogOTU_1629,17
cogOTU_1630,13
cogOTU_1631,4
cogOTU_1632,5
cogOTU_1633,2
cogOTU_1634,7
cogOTU_1635,5
cogOTU_1636,3
cogOTU_1637,13
cogOTU_1638,7
cogOTU_1639,17
cogOTU_1640,4
cogOTU_1641,6
cogOTU_1642,6
cogOTU_1643,16
cogOTU_1644,4
cogOTU_1645,3
cogOTU_1646,2
cogOTU_1647,12
cogOTU_1648,7
cogOTU_1649,2
cogOTU_1650,13
cogOTU_1651,2
cogOTU_1652,2
cogOTU_1653,5
cogOTU_1654,3
cogOTU_1655,3
cogOTU_1656,5
cogOTU_1657,5
cogOTU_1658,4
cogOTU_1659,11
cogOTU_1660,10
cogOTU_1661,13
cogOTU_1662,7
cogOTU_1663,6
cogOTU_1664,3
cogOTU_1665,4
cogOTU_1666,3
cogOTU_1667,3
cogOTU_1668,2
cogOTU_1669,4
cogOTU_1670,6
cogOTU_1671,10
cogOTU_1672,12
cogOTU_1673,2
cogOTU_1674,2
cogOTU_1675,11
cogOTU_1676,2
cogOTU_1677,7
cogOTU_1678,9
cogOTU_1679,14
cogOTU_1680,3
cogOTU_1681,2
cogOTU_1682,3
cogOTU_1683,2
cogOTU_1684,3
cogOTU_1685,3
cogOTU_1686,4
cogOTU_1687,2
cogOTU_1688,5
cogOTU_1689,14
cogOTU_1690,2
cogOTU_1691,4
cogOTU_1692,5
cogOTU_1693,2
cogOTU_1694,2
cogOTU_1695,2
cogOTU_1696,4
cogOTU_1697,2
cogOTU_1698,10
cogOTU_1699,2
cogOTU_1700,6
cogOTU_1701,2
cogOTU_1702,4
cogOTU_1703,7
cogOTU_1704,11
cogOTU_1705,4
cogOTU_1706,15
cogOTU_1707,3
cogOTU_1708,3
cogOTU_1709,13
cogOTU_1710,6
cogOTU_1711,18
cogOTU_1712,7
cogOTU_1713,4
cogOTU_1714,2
cogOTU_1715,13
cogOTU_1716,10
cogOTU_1717,23
cogOTU_1718,2
cogOTU_1719,5
cogOTU_1720,2
cogOTU_1721,22
cogOTU_1722,2
cogOTU_1723,4
cogOTU_1724,2
cogOTU_1725,13
cogOTU_1726,21
cogOTU_1727,7
cogOTU_1728,27
cogOTU_1729,6
cogOTU_1730,4
cogOTU_1731,3
cogOTU_1732,2
cogOTU_1733,2
cogOTU_1734,7
cogOTU_1735,2
cogOTU_1736,2
cogOTU_1737,2
cogOTU_1738,15
cogOTU_1739,3
cogOTU_1740,6
cogOTU_1741,4
cogOTU_1742,18
cogOTU_1743,3
cogOTU_1744,2
cogOTU_1745,5
cogOTU_1746,4
cogOTU_1747,47
cogOTU_1748,4
cogOTU_1749,4
cogOTU_1750,3
cogOTU_1751,4
cogOTU_1752,7
cogOTU_1753,13
cogOTU_1754,3
cogOTU_1755,7
cogOTU_1756,9
cogOTU_1757,21
cogOTU_1758,2
cogOTU_1759,6
cogOTU_1760,4
cogOTU_1761,2
cogOTU_1762,5
cogOTU_1763,3
cogOTU_1764,2
cogOTU_1765,3
cogOTU_1766,2
cogOTU_1767,3
cogOTU_1768,4
cogOTU_1769,2
cogOTU_1770,4
cogOTU_1771,10
cogOTU_1772,19
cogOTU_1773,23
cogOTU_1774,7
cogOTU_1775,10
cogOTU_1776,5
cogOTU_1777,8
cogOTU_1778,26
cogOTU_1779,4
cogOTU_1780,7
cogOTU_1781,2
cogOTU_1782,2
cogOTU_1783,4
cogOTU_1784,3
cogOTU_1785,5
cogOTU_1786,7
cogOTU_1787,4
cogOTU_1788,5
cogOTU_1789,2
cogOTU_1790,3
cogOTU_1791,2
cogOTU_1792,3
cogOTU_1793,2
cogOTU_1794,3
cogOTU_1795,9
cogOTU_1796,5
cogOTU_1797,2
cogOTU_1798,9
cogOTU_1799,5
cogOTU_1800,11
cogOTU_1801,3
cogOTU_1802,3
cogOTU_1803,7
cogOTU_1804,2
cogOTU_1805,2
cogOTU_1806,7
cogOTU_1807,10
cogOTU_1808,2
cogOTU_1809,11
cogOTU_1810,3
cogOTU_1811,19
cogOTU_1812,4
cogOTU_1813,4
cogOTU_1814,3
cogOTU_1815,2
cogOTU_1816,2
cogOTU_1817,2
cogOTU_1818,6
cogOTU_1819,2
cogOTU_1820,6
cogOTU_1821,2
cogOTU_1822,2
cogOTU_1823,2
cogOTU_1824,2
cogOTU_1825,2
cogOTU_1826,14
cogOTU_1827,2
cogOTU_1828,21
cogOTU_1829,7
cogOTU_1830,6
cogOTU_1831,4
cogOTU_1832,7
cogOTU_1833,2
cogOTU_1834,4
cogOTU_1835,2
cogOTU_1836,9
cogOTU_1837,4
cogOTU_1838,3
cogOTU_1839,3
cogOTU_1840,3
cogOTU_1841,5
cogOTU_1842,9
cogOTU_1843,13
cogOTU_1844,23
cogOTU_1845,5
cogOTU_1846,2
cogOTU_1847,33
cogOTU_1848,7
cogOTU_1849,156
cogOTU_1850,2
cogOTU_1851,5
cogOTU_1852,3
cogOTU_1853,2
cogOTU_1854,2
cogOTU_1855,2
cogOTU_1856,5
cogOTU_1857,6
cogOTU_1858,45
cogOTU_1859,5
cogOTU_1860,4
cogOTU_1861,2
cogOTU_1862,13
cogOTU_1863,2
cogOTU_1864,6
cogOTU_1865,12
cogOTU_1866,2
cogOTU_1867,27
cogOTU_1868,3
cogOTU_1869,4
cogOTU_1870,4
cogOTU_1871,3
cogOTU_1872,18
cogOTU_1873,5
cogOTU_1874,53
cogOTU_1875,12
cogOTU_1876,21
cogOTU_1877,4
cogOTU_1878,4
cogOTU_1879,15
cogOTU_1880,4
cogOTU_1881,9
cogOTU_1882,9
cogOTU_1883,5
cogOTU_1884,2
cogOTU_1885,4
cogOTU_1886,14
cogOTU_1887,9
cogOTU_1888,3
cogOTU_1889,26
cogOTU_1890,2
cogOTU_1891,2
cogOTU_1892,2
cogOTU_1893,3
cogOTU_1894,11
cogOTU_1895,2
cogOTU_1896,21
cogOTU_1897,3
cogOTU_1898,5
cogOTU_1899,19
cogOTU_1900,7
cogOTU_1901,4
cogOTU_1902,2
cogOTU_1903,6
cogOTU_1904,3
cogOTU_1905,5
cogOTU_1906,2
cogOTU_1907,3
cogOTU_1908,3
cogOTU_1909,2
cogOTU_1910,3
cogOTU_1911,3
cogOTU_1912,2
cogOTU_1913,5
cogOTU_1914,42
cogOTU_1915,5
cogOTU_1916,19
cogOTU_1917,4
cogOTU_1918,2
cogOTU_1919,3
cogOTU_1920,4
cogOTU_1921,5
cogOTU_1922,9
cogOTU_1923,7
cogOTU_1924,3
cogOTU_1925,2
cogOTU_1926,2
cogOTU_1927,2
cogOTU_1928,11
cogOTU_1929,3
cogOTU_1930,2
cogOTU_1931,4
cogOTU_1932,8
cogOTU_1933,4
cogOTU_1934,9
cogOTU_1935,5
cogOTU_1936,2
cogOTU_1937,16
cogOTU_1938,3
cogOTU_1939,17
cogOTU_1940,3
cogOTU_1941,8
cogOTU_1942,5
cogOTU_1943,4
cogOTU_1944,9
cogOTU_1945,5
cogOTU_1946,7
cogOTU_1947,2
cogOTU_1948,3
cogOTU_1949,3
cogOTU_1950,7
cogOTU_1951,3
cogOTU_1952,7
cogOTU_1953,32
cogOTU_1954,4
cogOTU_1955,2
cogOTU_1956,3
cogOTU_1957,4
cogOTU_1958,4
cogOTU_1959,3
cogOTU_1960,2
cogOTU_1961,2
cogOTU_1962,3
cogOTU_1963,2
cogOTU_1964,3
cogOTU_1965,2
cogOTU_1966,3
cogOTU_1967,6
cogOTU_1968,4
cogOTU_1969,2
cogOTU_1970,6
cogOTU_1971,3
cogOTU_1972,3
cogOTU_1973,8
cogOTU_1974,6
cogOTU_1975,2
cogOTU_1976,11
cogOTU_1977,3
cogOTU_1978,5
cogOTU_1979,12
cogOTU_1980,7
cogOTU_1981,14
cogOTU_1982,2
cogOTU_1983,3
cogOTU_1984,2
cogOTU_1985,12
cogOTU_1986,2
cogOTU_1987,6
cogOTU_1988,2
cogOTU_1989,2
cogOTU_1990,6
cogOTU_1991,6
cogOTU_1992,3
cogOTU_1993,3
cogOTU_1994,5
cogOTU_1995,53
cogOTU_1996,3
cogOTU_1997,15
cogOTU_1998,3
cogOTU_1999,3
cogOTU_2000,4
cogOTU_2001,3
cogOTU_2002,13
cogOTU_2003,5
cogOTU_2004,18
cogOTU_2005,5
cogOTU_2006,3
cogOTU_2007,15
cogOTU_2008,5
cogOTU_2009,4
cogOTU_2010,4
cogOTU_2011,2
cogOTU_2012,5
cogOTU_2013,4
cogOTU_2014,5
cogOTU_2015,2
cogOTU_2016,4
cogOTU_2017,2
cogOTU_2018,2
cogOTU_2019,2
cogOTU_2020,4
cogOTU_2021,2
cogOTU_2022,7
cogOTU_2023,2
cogOTU_2024,36
cogOTU_2025,2
cogOTU_2026,317
cogOTU_2027,14
cogOTU_2028,3
cogOTU_2029,2
cogOTU_2030,2
cogOTU_2031,3
cogOTU_2032,5
cogOTU_2033,7
cogOTU_2034,9
cogOTU_2035,5
cogOTU_2036,3
cogOTU_2037,2
cogOTU_2038,2
cogOTU_2039,3
cogOTU_2040,4
cogOTU_2041,6
cogOTU_2042,2
cogOTU_2043,6
cogOTU_2044,2
cogOTU_2045,2
cogOTU_2046,3
cogOTU_2047,15
cogOTU_2048,2
cogOTU_2049,4
cogOTU_2050,6
cogOTU_2051,11
cogOTU_2052,2
cogOTU_2053,3
cogOTU_2054,3
cogOTU_2055,2
cogOTU_2056,5
cogOTU_2057,9
cogOTU_2058,2
cogOTU_2059,2
cogOTU_2060,5
cogOTU_2061,2
cogOTU_2062,4
cogOTU_2063,5
cogOTU_2064,2
cogOTU_2065,7
cogOTU_2066,2
cogOTU_2067,3
cogOTU_2068,7
cogOTU_2069,2
cogOTU_2070,2
cogOTU_2071,3
cogOTU_2072,4
cogOTU_2073,3
cogOTU_2074,2
cogOTU_2075,3
cogOTU_2076,2
cogOTU_2077,2
cogOTU_2078,19
cogOTU_2079,2
cogOTU_2080,24
cogOTU_2081,14
cogOTU_2082,5
cogOTU_2083,6
cogOTU_2084,8
cogOTU_2085,4
cogOTU_2086,3
cogOTU_2087,8
cogOTU_2088,3
cogOTU_2089,3
cogOTU_2090,3
cogOTU_2091,3
cogOTU_2092,2
cogOTU_2093,2
cogOTU_2094,5
cogOTU_2095,6
cogOTU_2096,2
cogOTU_2097,3
cogOTU_2098,11
cogOTU_2099,5
cogOTU_2100,2
cogOTU_2101,8
cogOTU_2102,2
cogOTU_2103,4
cogOTU_2104,3
cogOTU_2105,5
cogOTU_2106,5
cogOTU_2107,101
cogOTU_2108,2
cogOTU_2109,5
cogOTU_2110,18
cogOTU_2111,2
cogOTU_2112,10
cogOTU_2113,3
cogOTU_2114,4
cogOTU_2115,2
cogOTU_2116,2
cogOTU_2117,2
cogOTU_2118,3
cogOTU_2119,2
cogOTU_2120,6
cogOTU_2121,6
cogOTU_2122,4
cogOTU_2123,4
cogOTU_2124,11
cogOTU_2125,2
cogOTU_2126,12
cogOTU_2127,2
cogOTU_2128,2
cogOTU_2129,2
cogOTU_2130,7
cogOTU_2131,10
cogOTU_2132,8
cogOTU_2133,4
cogOTU_2134,20
cogOTU_2135,2
cogOTU_2136,14
cogOTU_2137,5
cogOTU_2138,2
cogOTU_2139,2
cogOTU_2140,6
cogOTU_2141,6
cogOTU_2142,13
cogOTU_2143,15
cogOTU_2144,6
cogOTU_2145,2
cogOTU_2146,17
cogOTU_2147,5
cogOTU_2148,3
cogOTU_2149,3
cogOTU_2150,3
cogOTU_2151,2
cogOTU_2152,3
cogOTU_2153,8
cogOTU_2154,2
cogOTU_2155,21
cogOTU_2156,7
cogOTU_2157,3
cogOTU_2158,2
cogOTU_2159,5
cogOTU_2160,2
cogOTU_2161,4
cogOTU_2162,4
cogOTU_2163,3
cogOTU_2164,16
cogOTU_2165,4
cogOTU_2166,3
cogOTU_2167,2
cogOTU_2168,2
cogOTU_2169,4
cogOTU_2170,2
cogOTU_2171,57
cogOTU_2172,9
cogOTU_2173,2
cogOTU_2174,6
cogOTU_2175,4
cogOTU_2176,4
cogOTU_2177,5
cogOTU_2178,9
cogOTU_2179,4
cogOTU_2180,2
cogOTU_2181,5
cogOTU_2182,5
cogOTU_2183,2
cogOTU_2184,5
cogOTU_2185,2
cogOTU_2186,2
cogOTU_2187,7
cogOTU_2188,2
cogOTU_2189,4
cogOTU_2190,2
cogOTU_2191,17
cogOTU_2192,2
cogOTU_2193,6
cogOTU_2194,2
cogOTU_2195,4
cogOTU_2196,8
cogOTU_2197,12
cogOTU_2198,4
cogOTU_2199,8
cogOTU_2200,4
cogOTU_2201,8
cogOTU_2202,4
cogOTU_2203,2
cogOTU_2204,5
cogOTU_2205,3
cogOTU_2206,6
cogOTU_2207,10
cogOTU_2208,10
cogOTU_2209,7
cogOTU_2210,2
cogOTU_2211,2
cogOTU_2212,3
cogOTU_2213,11
cogOTU_2214,2
cogOTU_2215,3
cogOTU_2216,3
cogOTU_2217,2
cogOTU_2218,2
cogOTU_2219,14
cogOTU_2220,4
cogOTU_2221,2
cogOTU_2222,8
cogOTU_2223,6
cogOTU_2224,5
cogOTU_2225,3
cogOTU_2226,2
cogOTU_2227,7
cogOTU_2228,2
cogOTU_2229,2
cogOTU_2230,4
cogOTU_2231,5
cogOTU_2232,2
cogOTU_2233,4
cogOTU_2234,8
cogOTU_2235,11
cogOTU_2236,3
cogOTU_2237,4
cogOTU_2238,3
cogOTU_2239,3
cogOTU_2240,2
cogOTU_2241,3
cogOTU_2242,3
cogOTU_2243,7
cogOTU_2244,5
cogOTU_2245,2
cogOTU_2246,5
cogOTU_2247,2
cogOTU_2248,2
cogOTU_2249,10
cogOTU_2250,2
cogOTU_2251,2
cogOTU_2252,3
cogOTU_2253,2
cogOTU_2254,2
cogOTU_2255,2
cogOTU_2256,3
cogOTU_2257,4
cogOTU_2258,2
cogOTU_2259,3
cogOTU_2260,2
cogOTU_2261,2
cogOTU_2262,2
cogOTU_2263,2
cogOTU_2264,2
cogOTU_2265,3
cogOTU_2266,3
cogOTU_2267,2
cogOTU_2268,8
cogOTU_2269,2
cogOTU_2270,15
cogOTU_2271,2
cogOTU_2272,13
cogOTU_2273,2
cogOTU_2274,3
cogOTU_2275,4
cogOTU_2276,2
cogOTU_2277,3
cogOTU_2278,4
cogOTU_2279,10
cogOTU_2280,6
cogOTU_2281,11
cogOTU_2282,2
cogOTU_2283,4
cogOTU_2284,3
cogOTU_2285,2
cogOTU_2286,3
cogOTU_2287,3
cogOTU_2288,2
cogOTU_2289,2
cogOTU_2290,5
cogOTU_2291,2
cogOTU_2292,5
cogOTU_2293,2
cogOTU_2294,3
cogOTU_2295,7
cogOTU_2296,2
cogOTU_2297,2
cogOTU_2298,12
cogOTU_2299,4
cogOTU_2300,9
cogOTU_2301,2
cogOTU_2302,2
cogOTU_2303,177
cogOTU_2304,3
cogOTU_2305,14
cogOTU_2306,2
cogOTU_2307,7
cogOTU_2308,9
cogOTU_2309,5
cogOTU_2310,6
cogOTU_2311,2
cogOTU_2312,3
cogOTU_2313,2
cogOTU_2314,2
cogOTU_2315,3
cogOTU_2316,3
cogOTU_2317,3
cogOTU_2318,5
cogOTU_2319,2
cogOTU_2320,6
cogOTU_2321,2
cogOTU_2322,5
cogOTU_2323,3
cogOTU_2324,2
cogOTU_2325,10
cogOTU_2326,4
cogOTU_2327,3
cogOTU_2328,5
cogOTU_2329,2
cogOTU_2330,3
cogOTU_2331,5
cogOTU_2332,4
cogOTU_2333,2
cogOTU_2334,8
cogOTU_2335,2
cogOTU_2336,4
cogOTU_2337,3
cogOTU_2338,2
cogOTU_2339,2
cogOTU_2340,8
cogOTU_2341,2
cogOTU_2342,2
cogOTU_2343,2
cogOTU_2344,3
cogOTU_2345,4
cogOTU_2346,4
cogOTU_2347,2
cogOTU_2348,3
cogOTU_2349,2
cogOTU_2350,2
cogOTU_2351,2
cogOTU_2352,4
cogOTU_2353,13
cogOTU_2354,4
cogOTU_2355,3
cogOTU_2356,4
cogOTU_2357,3
cogOTU_2358,4
cogOTU_2359,16
cogOTU_2360,2
cogOTU_2361,4
cogOTU_2362,9
cogOTU_2363,3
cogOTU_2364,3
cogOTU_2365,11
cogOTU_2366,4
cogOTU_2367,9
cogOTU_2368,2
cogOTU_2369,2
cogOTU_2370,4
cogOTU_2371,4
cogOTU_2372,4
cogOTU_2373,5
cogOTU_2374,6
cogOTU_2375,4
cogOTU_2376,3
cogOTU_2377,2
cogOTU_2378,2
cogOTU_2379,2
cogOTU_2380,3
cogOTU_2381,4
cogOTU_2382,3
cogOTU_2383,2
cogOTU_2384,5
cogOTU_2385,6
cogOTU_2386,6
cogOTU_2387,4
cogOTU_2388,7
cogOTU_2389,3
cogOTU_2390,3
cogOTU_2391,2
cogOTU_2392,4
cogOTU_2393,4
cogOTU_2394,3
cogOTU_2395,2
cogOTU_2396,2
cogOTU_2397,5
cogOTU_2398,5
cogOTU_2399,5
cogOTU_2400,2
cogOTU_2401,3
cogOTU_2402,2
cogOTU_2403,15
cogOTU_2404,4
cogOTU_2405,3
cogOTU_2406,2
cogOTU_2407,96
cogOTU_2408,3
cogOTU_2409,2
cogOTU_2410,46
cogOTU_2411,9
cogOTU_2412,9
cogOTU_2413,2
cogOTU_2414,2
cogOTU_2415,2
cogOTU_2416,5
cogOTU_2417,5
cogOTU_2418,2
cogOTU_2419,2
cogOTU_2420,3
cogOTU_2421,2
cogOTU_2422,9
cogOTU_2423,5
cogOTU_2424,2
cogOTU_2425,7
cogOTU_2426,3
cogOTU_2427,8
cogOTU_2428,5
cogOTU_2429,4
cogOTU_2430,11
cogOTU_2431,3
cogOTU_2432,22
cogOTU_2433,3
cogOTU_2434,3
cogOTU_2435,2
cogOTU_2436,2
cogOTU_2437,6
cogOTU_2438,3
cogOTU_2439,20
cogOTU_2440,5
cogOTU_2441,4
cogOTU_2442,2
cogOTU_2443,2
cogOTU_2444,4
cogOTU_2445,6
cogOTU_2446,2
cogOTU_2447,4
cogOTU_2448,2
cogOTU_2449,3
cogOTU_2450,2
cogOTU_2451,9
cogOTU_2452,3
cogOTU_2453,3
cogOTU_2454,3
cogOTU_2455,2
cogOTU_2456,10
cogOTU_2457,12
cogOTU_2458,2
cogOTU_2459,6
cogOTU_2460,2
cogOTU_2461,4
cogOTU_2462,8
cogOTU_2463,2
cogOTU_2464,2
cogOTU_2465,4
cogOTU_2466,4
cogOTU_2467,2
cogOTU_2468,4
cogOTU_2469,15
cogOTU_2470,3
cogOTU_2471,10
cogOTU_2472,3
cogOTU_2473,11
cogOTU_2474,8
cogOTU_2475,3
cogOTU_2476,3
cogOTU_2477,50
cogOTU_2478,2
cogOTU_2479,3
cogOTU_2480,2
cogOTU_2481,2
cogOTU_2482,2
cogOTU_2483,2
cogOTU_2484,4
cogOTU_2485,4
cogOTU_2486,4
cogOTU_2487,7
cogOTU_2488,4
cogOTU_2489,3
cogOTU_2490,4
cogOTU_2491,2
cogOTU_2492,47
cogOTU_2493,2
cogOTU_2494,2
cogOTU_2495,8
cogOTU_2496,7
cogOTU_2497,2
cogOTU_2498,2
cogOTU_2499,2
cogOTU_2500,2
cogOTU_2501,3
cogOTU_2502,14
cogOTU_2503,3
cogOTU_2504,2
cogOTU_2505,3
cogOTU_2506,3
cogOTU_2507,22
cogOTU_2508,2
cogOTU_2509,2
cogOTU_2510,2
cogOTU_2511,2
cogOTU_2512,2
cogOTU_2513,5
cogOTU_2514,6
cogOTU_2515,7
cogOTU_2516,7
cogOTU_2517,3
cogOTU_2518,5
cogOTU_2519,7
cogOTU_2520,2
cogOTU_2521,4
cogOTU_2522,6
cogOTU_2523,7
cogOTU_2524,2
cogOTU_2525,3
cogOTU_2526,4
cogOTU_2527,3
cogOTU_2528,2
cogOTU_2529,3
cogOTU_2530,2
cogOTU_2531,2
cogOTU_2532,2
cogOTU_2533,5
cogOTU_2534,2
cogOTU_2535,2
cogOTU_2536,2
cogOTU_2537,2
cogOTU_2538,10
cogOTU_2539,10
cogOTU_2540,14
cogOTU_2541,5
cogOTU_2542,2
cogOTU_2543,2
cogOTU_2544,10
cogOTU_2545,2
cogOTU_2546,3
cogOTU_2547,3
cogOTU_2548,3
cogOTU_2549,2
cogOTU_2550,11
cogOTU_2551,8
cogOTU_2552,2
cogOTU_2553,10
cogOTU_2554,3
cogOTU_2555,6
cogOTU_2556,2
cogOTU_2557,5
cogOTU_2558,3
cogOTU_2559,8
cogOTU_2560,5
cogOTU_2561,4
cogOTU_2562,8
cogOTU_2563,4
cogOTU_2564,2
cogOTU_2565,3
cogOTU_2566,2
cogOTU_2567,4
cogOTU_2568,3
cogOTU_2569,2
cogOTU_2570,3
cogOTU_2571,2
cogOTU_2572,2
cogOTU_2573,33
cogOTU_2574,2
cogOTU_2575,4
cogOTU_2576,3
cogOTU_2577,2
cogOTU_2578,2
cogOTU_2579,3
cogOTU_2580,9
cogOTU_2581,2
cogOTU_2582,3
cogOTU_2583,3
cogOTU_2584,31
cogOTU_2585,3
cogOTU_2586,2
cogOTU_2587,2
cogOTU_2588,6
cogOTU_2589,4
cogOTU_2590,2
cogOTU_2591,3
cogOTU_2592,6
cogOTU_2593,4
cogOTU_2594,8
cogOTU_2595,4
cogOTU_2596,19
cogOTU_2597,6
cogOTU_2598,2
cogOTU_2599,3
cogOTU_2600,3
cogOTU_2601,2
cogOTU_2602,2
cogOTU_2603,3
cogOTU_2604,2
cogOTU_2605,4
cogOTU_2606,2
cogOTU_2607,8
cogOTU_2608,4
cogOTU_2609,2
cogOTU_2610,2
cogOTU_2611,3
cogOTU_2612,4
cogOTU_2613,2
cogOTU_2614,6
cogOTU_2615,3
cogOTU_2616,4
cogOTU_2617,4
cogOTU_2618,6
cogOTU_2619,3
cogOTU_2620,2
cogOTU_2621,2
cogOTU_2622,2
cogOTU_2623,2
cogOTU_2624,3
cogOTU_2625,13
cogOTU_2626,2
cogOTU_2627,17
cogOTU_2628,3
cogOTU_2629,4
cogOTU_2630,10
cogOTU_2631,3
cogOTU_2632,15
cogOTU_2633,4
cogOTU_2634,7
cogOTU_2635,5
cogOTU_2636,2
cogOTU_2637,7
cogOTU_2638,25
cogOTU_2639,2
cogOTU_2640,2
cogOTU_2641,2
cogOTU_2642,2
cogOTU_2643,2
cogOTU_2644,2
cogOTU_2645,12
cogOTU_2646,5
cogOTU_2647,2
cogOTU_2648,2
cogOTU_2649,6
cogOTU_2650,3
cogOTU_2651,4
cogOTU_2652,2
cogOTU_2653,3
cogOTU_2654,3
cogOTU_2655,3
cogOTU_2656,2
cogOTU_2657,5
cogOTU_2658,2
cogOTU_2659,3
cogOTU_2660,4
cogOTU_2661,3
cogOTU_2662,2
cogOTU_2663,2
cogOTU_2664,7
cogOTU_2665,3
cogOTU_2666,4
cogOTU_2667,8
cogOTU_2668,5
cogOTU_2669,2
cogOTU_2670,6
cogOTU_2671,2
cogOTU_2672,6
cogOTU_2673,3
cogOTU_2674,2
cogOTU_2675,6
cogOTU_2676,2
cogOTU_2677,3
cogOTU_2678,5
cogOTU_2679,2
cogOTU_2680,2
cogOTU_2681,2
cogOTU_2682,6
cogOTU_2683,4
cogOTU_2684,4
cogOTU_2685,3
cogOTU_2686,3
cogOTU_2687,3
cogOTU_2688,5
cogOTU_2689,8
cogOTU_2690,2
cogOTU_2691,5
cogOTU_2692,2
cogOTU_2693,6
cogOTU_2694,7
cogOTU_2695,2
cogOTU_2696,2
cogOTU_2697,2
cogOTU_2698,3
cogOTU_2699,4
cogOTU_2700,6
cogOTU_2701,3
cogOTU_2702,2
cogOTU_2703,33
cogOTU_2704,2
cogOTU_2705,2
cogOTU_2706,2
cogOTU_2707,4
cogOTU_2708,2
cogOTU_2709,2
cogOTU_2710,2
cogOTU_2711,12
cogOTU_2712,2
cogOTU_2713,4
cogOTU_2714,3
cogOTU_2715,3
cogOTU_2716,3
cogOTU_2717,2
cogOTU_2718,2
cogOTU_2719,2
cogOTU_2720,6
cogOTU_2721,3
cogOTU_2722,5
cogOTU_2723,3
cogOTU_2724,2
cogOTU_2725,3
cogOTU_2726,2
cogOTU_2727,4
cogOTU_2728,5
cogOTU_2729,5
cogOTU_2730,4
cogOTU_2731,2
cogOTU_2732,21
cogOTU_2733,2
cogOTU_2734,7
cogOTU_2735,2
cogOTU_2736,3
cogOTU_2737,4
cogOTU_2738,2
cogOTU_2739,14
cogOTU_2740,2
cogOTU_2741,2
cogOTU_2742,3
cogOTU_2743,4
cogOTU_2744,3
cogOTU_2745,2
cogOTU_2746,4
cogOTU_2747,5
cogOTU_2748,2
cogOTU_2749,2
cogOTU_2750,12
cogOTU_2751,2
cogOTU_2752,8
cogOTU_2753,6
cogOTU_2754,5
cogOTU_2755,2
cogOTU_2756,4
cogOTU_2757,2
cogOTU_2758,2
cogOTU_2759,9
cogOTU_2760,204
cogOTU_2761,3
cogOTU_2762,2
cogOTU_2763,6
cogOTU_2764,4
cogOTU_2765,3
cogOTU_2766,2
cogOTU_2767,2
cogOTU_2768,2
cogOTU_2769,3
cogOTU_2770,2
cogOTU_2771,5
cogOTU_2772,2
cogOTU_2773,2
cogOTU_2774,2
cogOTU_2775,2
cogOTU_2776,3
cogOTU_2777,2
cogOTU_2778,2
cogOTU_2779,4
cogOTU_2780,2
cogOTU_2781,6
cogOTU_2782,7
cogOTU_2783,3
cogOTU_2784,2
cogOTU_2785,2
cogOTU_2786,2
cogOTU_2787,2
cogOTU_2788,3
cogOTU_2789,3
cogOTU_2790,2
cogOTU_2791,4
cogOTU_2792,3
cogOTU_2793,2
cogOTU_2794,3
cogOTU_2795,2
cogOTU_2796,2
cogOTU_2797,110
cogOTU_2798,3
cogOTU_2799,3
cogOTU_2800,2
cogOTU_2801,2
cogOTU_2802,2
cogOTU_2803,2
cogOTU_2804,2
cogOTU_2805,2
cogOTU_2806,2
cogOTU_2807,4
cogOTU_2808,2
cogOTU_2809,4
cogOTU_2810,2
